index,peptide,auc
0,GILGFVFTL,0.9531092702169626
0,LLWNGPMAV,0.8771345272803
0,CINGVCWTV,0.8006341656757828
0,ELAGIGILTV,0.9071003401360545
0,WLLWPVTLA,0.5416666666666666
0,NLVPMVATV,0.7861689814814815
0,YLQPRTFLL,0.8885459533607681
0,SLFNTVATLY,0.7040816326530612
0,RMFPNAPYL,0.75
0,TLLFLMSFT,0.8333333333333334
0,LLYDANYFL,0.8129251700680272
0,GLCTLVAML,0.9181703423182594
0,ALWEIQQVV,0.7040816326530612
0,RLCAYCCNI,0.8333333333333334
0,FVAAIFYLI,0.8333333333333334
0,FLASKIGRLV,0.71875
0,LLFNKVTLA,0.8333333333333334
0,HLMSFPQSA,0.25
0,YLNTLTLAV,0.5
0,ILGFVFTLT,0.8333333333333334
0,KLQFTSLEI,0.8333333333333334
0,CLEASFNYL,0.8333333333333334
0,FLYALALLL,0.9765625
0,KLQCVDLHV,0.8333333333333334
0,IMDQVPFSV,0.8333333333333334
0,NLNCCSVPV,1.0
0,KVYPIILRL,0.5
0,KQLSSNFGA,0.6666666666666667
0,KQIYKTPPI,0.5
0,TLIGDCATV,0.8333333333333334
0,VLNDILSRL,0.8333333333333334
0,GLALYYPSA,1.0
0,FLPRVFSAV,0.6458333333333334
0,NLIDSYFVV,0.8333333333333334
0,LPDDFMGCV,1.0
0,WLDMVDTSL,0.7916666666666666
0,LLFGYPVYV,0.8333333333333333
0,ALSKGVHFV,0.7777777777777778
0,FLPGVYSVI,0.5
0,YVWKSYVHV,0.8333333333333334
0,KLVAMGINAV,0.8703703703703705
0,KLFIRQEEV,0.6666666666666667
0,KLPDDFMGC,0.6666666666666667
0,RLARLALVL,0.5833333333333333
0,AAGIGILTV,0.33333333333333337
0,LLLEWLAMA,0.8333333333333334
0,LMWLSYFIA,0.8333333333333334
0,TALALLLLD,1.0
0,MLDLQPETT,1.0
0,KLWAQCVQL,1.0
0,KLKDCVMYA,1.0
0,ALDPHSGHFV,0.6666666666666667
0,LLDFVRFMGV,0.8333333333333333
0,QVVSDIDYV,0.33333333333333337
0,FTVLCLTPV,0.8333333333333334
0,LIDFYLCFL,0.8333333333333334
0,FLNRFTTTL,0.7916666666666666
0,YIDIGDYTV,0.7916666666666667
0,RLGPVQNEV,0.5833333333333333
0,IKLDDKDPQ,0.6666666666666667
0,ALYGFVPVL,0.625
0,FLHVTYVPA,0.7592592592592593
0,KMDYFSGQL,1.0
0,RLPGVLPRA,0.587962962962963
0,YVDNSSLTI,0.5
0,DQVILLNKH,0.16666666666666663
0,TMCDIRQLL,1.0
0,YLLEMLWRL,0.6666666666666667
0,SLLMWITQV,0.8333333333333334
0,FLCLFLLPS,0.6666666666666667
0,DRLNQLESK,0.8333333333333334
0,FVVFLLVTL,1.0
0,SMWALVISV,0.5
0,YLNSTNVTI,1.0
0,SLLSVLLSM,1.0
0,FLLPSLATV,0.5
0,IMLCCMTSC,0.5
0,YADVFHLYL,0.6666666666666667
0,RLFARTRSM,0.5
0,KLFEFLVYGV,1.0
0,VLWAHGFEL,0.8333333333333334
0,DLFMRIFTI,0.5
0,AVIKTLQPV,0.6666666666666667
0,RTLNAWVKV,0.6938775510204082
0,YLNDHLEPWI,0.75
0,VMVELVAEL,0.7037037037037037
0,SLINTLNDL,0.16666666666666663
0,KSVNITFEL,0.7037037037037037
0,AIFYLITPV,0.6666666666666667
0,LMGHFAWWT,0.8333333333333334
0,KDNVILLNK,0.5
0,RTIKVFTTV,1.0
0,QMAPISAMV,0.16666666666666663
0,YMPYFFTLL,0.5
0,SACVLAAEC,0.5
0,YTVSCLPFT,1.0
0,FLIGCNYLG,0.6666666666666667
0,SLENVAFNV,0.8333333333333334
0,SLPGVFCGV,0.5
0,KLNIKLLGV,1.0
0,WLTNIFGTV,0.6666666666666667
0,LITGRLQSL,0.5
0,MMILSDDAV,0.9166666666666667
0,KLNEEIAII,0.8333333333333334
0,NLHPDSATL,1.0
0,SWMESEFRV,0.8333333333333334
0,KLSYGIATV,0.8333333333333334
0,EAAGIGILTV,0.6666666666666667
0,ALLPGLPAA,0.8333333333333334
0,CVNGSCFTV,0.5833333333333334
0,ALYYPSARI,0.6666666666666667
0,CLAVHECFV,0.8333333333333334
0,SVLYYQNNV,1.0
0,VLLGVKLFGV,1.0
0,ILAYCNKTV,1.0
0,MQVESDDYI,0.6666666666666667
0,FLNGSCGSV,0.8333333333333334
0,FLAHIQWMV,0.8333333333333334
0,HMTEVVRHC,0.8333333333333334
0,KVLEYVIKV,0.7083333333333333
0,FLLNKEMYL,0.75
0,RIMTWLDMV,0.5416666666666666
0,SMMILSDDA,0.6666666666666667
0,AMQTMLFTM,0.9166666666666666
0,TLEYMDWLV,0.8333333333333334
0,KLSALGINAV,0.8333333333333334
0,KIILFLALI,0.33333333333333337
0,SLLMPILTL,0.8333333333333334
0,YLGGMSYYC,0.6666666666666667
0,FIAGLIAIV,0.7916666666666667
0,QVILLNKHI,0.8333333333333334
0,YMRSLKVPA,1.0
0,IQPGQTFSV,0.6666666666666667
0,RLYLDAYNM,0.8333333333333334
0,KLYGLDWAEL,1.0
0,SGGGETALA,0.8333333333333334
0,KLPDDFTGCV,0.6666666666666667
0,NVLTLVYKV,1.0
0,MLNPNYEDL,0.6666666666666667
0,LLLTILTSL,0.33333333333333337
0,KLIEYTDFA,0.8333333333333334
0,ALNTPKDHI,0.6666666666666667
0,TLMNVITLV,0.8333333333333334
0,KTWGQYWQV,0.6666666666666667
0,TILTSLLVL,1.0
0,VFLVLLPLV,1.0
0,FLALCADSI,0.8333333333333334
0,YGFQPTNGV,0.8333333333333334
